Id,Name,Type,Description,Created on,Updated on,Owner,License,Includes wiki,Forks count,Issues count,Stars count,Watchers count,Repo URL,Commits URL,Languages URL,Languages
36665193,Aardvark,Organization,Aardvark is a library that makes it dead simple to create actionable bug reports.,2015-06-01T14:14:36Z,2021-03-04T08:01:32Z,square,Apache License 2.0,False,44,8,244,244,https://api.github.com/repos/square/Aardvark,https://api.github.com/repos/square/Aardvark/commits,https://api.github.com/repos/square/Aardvark/languages,"Objective-C, Swift, Ruby, C"
60724575,Ackbar,Organization,Testable debug assertions for Swift.,2016-06-08T19:25:00Z,2019-07-03T20:49:12Z,square,Other,True,2,0,26,26,https://api.github.com/repos/square/Ackbar,https://api.github.com/repos/square/Ackbar/commits,https://api.github.com/repos/square/Ackbar/languages,"Swift, Ruby, Objective-C"
89733456,active_merchant_square,Organization,"Square's e-commerce API support added to Active Merchant. (This depends on core active merchant, so it can coexist peacefully with upstream changes there. Not merged into Active Merchant for reasons as described here https://github.com/activemerchant/active_merchant/pull/2242)  See example below, and our blog post: https://medium.com/square-corner-blog/activemerchantsquare-for-squares-e-commerce-api-111ea63e530a",2017-04-28T18:23:16Z,2019-11-10T21:51:31Z,square,MIT License,True,9,7,6,6,https://api.github.com/repos/square/active_merchant_square,https://api.github.com/repos/square/active_merchant_square/commits,https://api.github.com/repos/square/active_merchant_square/languages,"Ruby, Shell"
48068599,active_record-sql_analyzer,Organization,ActiveRecord query logger and analyzer,2015-12-15T20:57:50Z,2021-02-02T03:46:20Z,square,Apache License 2.0,True,5,1,21,21,https://api.github.com/repos/square/active_record-sql_analyzer,https://api.github.com/repos/square/active_record-sql_analyzer/commits,https://api.github.com/repos/square/active_record-sql_analyzer/languages,Ruby
7923123,android-times-square,Organization,Standalone Android widget for picking a single date from a calendar view.,2013-01-30T20:28:27Z,2021-03-07T05:55:58Z,square,Apache License 2.0,False,1213,40,4433,4433,https://api.github.com/repos/square/android-times-square,https://api.github.com/repos/square/android-times-square/commits,https://api.github.com/repos/square/android-times-square/languages,"Java, Shell"
271357426,anvil,Organization,A Kotlin compiler plugin to make dependency injection with Dagger 2 easier.,2020-06-10T18:42:16Z,2021-03-08T11:35:39Z,square,Apache License 2.0,False,27,10,605,605,https://api.github.com/repos/square/anvil,https://api.github.com/repos/square/anvil/commits,https://api.github.com/repos/square/anvil/languages,"Kotlin, Shell"
12226292,apropos,Organization,A simple way to serve up appropriate images for every visitor.,2013-08-19T19:59:51Z,2021-03-08T11:36:20Z,square,Other,False,34,0,773,773,https://api.github.com/repos/square/apropos,https://api.github.com/repos/square/apropos/commits,https://api.github.com/repos/square/apropos/languages,"Ruby, CSS"
2352195,AQGridView,Organization,"A grid view for iPhone/iPad, designed to look similar to NSCollectionView.",2011-09-08T23:22:44Z,2020-05-12T16:26:48Z,square,,True,5,0,25,25,https://api.github.com/repos/square/AQGridView,https://api.github.com/repos/square/AQGridView/commits,https://api.github.com/repos/square/AQGridView/languages,
23241022,arthur,Organization,A gem to interact with the Bugsnag API,2014-08-22T21:50:56Z,2019-08-07T05:59:29Z,square,MIT License,False,3,1,2,2,https://api.github.com/repos/square/arthur,https://api.github.com/repos/square/arthur/commits,https://api.github.com/repos/square/arthur/languages,Ruby
7672099,assertj-android,Organization,A set of AssertJ helpers geared toward testing Android.,2013-01-17T18:51:30Z,2021-03-02T07:21:32Z,square,Apache License 2.0,False,168,10,1591,1591,https://api.github.com/repos/square/assertj-android,https://api.github.com/repos/square/assertj-android/commits,https://api.github.com/repos/square/assertj-android/languages,
94126430,AssistedInject,Organization,Assisted injection for JSR 330.,2017-06-12T18:13:08Z,2021-03-06T16:28:56Z,square,Apache License 2.0,False,52,20,785,785,https://api.github.com/repos/square/AssistedInject,https://api.github.com/repos/square/AssistedInject/commits,https://api.github.com/repos/square/AssistedInject/languages,
169146859,ast_builder,Organization,AstBuilder is a tool to make it easier to work with and compose S-Expressions and other AST related tasks in Ruby,2019-02-04T20:42:45Z,2020-12-29T04:36:54Z,square,Apache License 2.0,False,1,0,23,23,https://api.github.com/repos/square/ast_builder,https://api.github.com/repos/square/ast_builder/commits,https://api.github.com/repos/square/ast_builder/languages,
113245960,async_task,Organization,"Lightweight, asynchronous, and database-backed execution of singleton methods",2017-12-05T23:50:55Z,2019-07-03T20:50:36Z,square,Other,True,1,0,4,4,https://api.github.com/repos/square/async_task,https://api.github.com/repos/square/async_task/commits,https://api.github.com/repos/square/async_task/languages,
40696271,auto-value-redacted,Organization,An extension for Google's AutoValue that omits redacted fields from toString().,2015-08-14T04:48:05Z,2020-12-30T14:41:58Z,square,Apache License 2.0,False,14,0,207,207,https://api.github.com/repos/square/auto-value-redacted,https://api.github.com/repos/square/auto-value-redacted/commits,https://api.github.com/repos/square/auto-value-redacted/languages,
157946618,bazel_maven_repository,Organization,A bazel ruleset creating a more idiomatic bazel representation of a maven repo using a pinned list of artifacts.,2018-11-17T03:22:20Z,2021-02-12T22:32:08Z,square,Apache License 2.0,True,10,12,30,30,https://api.github.com/repos/square/bazel_maven_repository,https://api.github.com/repos/square/bazel_maven_repository/commits,https://api.github.com/repos/square/bazel_maven_repository/languages,
150627472,beancounter,Organization,Utility to audit the balance of Hierarchical Deterministic (HD) wallets. Supports multisig + segwit wallets.,2018-09-27T17:58:45Z,2021-03-02T15:41:30Z,square,Apache License 2.0,False,15,18,127,127,https://api.github.com/repos/square/beancounter,https://api.github.com/repos/square/beancounter/commits,https://api.github.com/repos/square/beancounter/languages,
204986901,bionic,Organization,A Python framework for data science.,2019-08-28T17:29:02Z,2021-03-05T22:14:11Z,square,Apache License 2.0,True,15,26,84,84,https://api.github.com/repos/square/bionic,https://api.github.com/repos/square/bionic/commits,https://api.github.com/repos/square/bionic/languages,
140465535,blocks,Organization,"Simple interface to read, organize, and manipulate structured data in files on local and cloud storage",2018-07-10T17:20:02Z,2021-02-25T20:14:13Z,square,Apache License 2.0,False,10,1,19,19,https://api.github.com/repos/square/blocks,https://api.github.com/repos/square/blocks/commits,https://api.github.com/repos/square/blocks/languages,
178483312,Blueprint,Organization,"Declarative UI construction for iOS, written in Swift",2019-03-29T22:30:48Z,2021-02-26T08:07:56Z,square,Apache License 2.0,False,26,19,498,498,https://api.github.com/repos/square/Blueprint,https://api.github.com/repos/square/Blueprint/commits,https://api.github.com/repos/square/Blueprint/languages,
1010451,border_patrol,Organization,BorderPatrol lets you import a KML file and then check if points are inside or outside the polygons the file defines.,2010-10-20T21:45:31Z,2020-11-05T19:48:34Z,square,MIT License,False,27,2,111,111,https://api.github.com/repos/square/border_patrol,https://api.github.com/repos/square/border_patrol/commits,https://api.github.com/repos/square/border_patrol/languages,
36676514,build_execution,Organization,Execution primitives that force explicit error handling and never call the shell.,2015-06-01T17:23:59Z,2021-01-25T23:27:17Z,square,Apache License 2.0,True,2,0,6,6,https://api.github.com/repos/square/build_execution,https://api.github.com/repos/square/build_execution/commits,https://api.github.com/repos/square/build_execution/languages,
23813195,burst,Organization,A unit testing library for varying test data.,2014-09-09T00:05:42Z,2021-03-05T00:45:42Z,square,Apache License 2.0,False,26,3,453,453,https://api.github.com/repos/square/burst,https://api.github.com/repos/square/burst/commits,https://api.github.com/repos/square/burst/languages,
14911359,callback-as-promised,Organization,Don't make promises you can't keep.,2013-12-04T01:55:16Z,2019-07-18T16:42:27Z,square,Other,True,2,0,11,11,https://api.github.com/repos/square/callback-as-promised,https://api.github.com/repos/square/callback-as-promised/commits,https://api.github.com/repos/square/callback-as-promised/languages,
3179770,cane,Organization,Code quality threshold checking as part of your build,2012-01-14T19:33:47Z,2021-01-25T20:49:26Z,square,Other,False,78,7,1331,1331,https://api.github.com/repos/square/cane,https://api.github.com/repos/square/cane/commits,https://api.github.com/repos/square/cane/languages,
5459107,cascading-helpers,Organization,"A whole bunch of functions, filters, and other tools that make writing Cascading flows a joy",2012-08-18T01:05:23Z,2021-02-23T07:38:19Z,square,Other,True,18,6,54,54,https://api.github.com/repos/square/cascading-helpers,https://api.github.com/repos/square/cascading-helpers/commits,https://api.github.com/repos/square/cascading-helpers/languages,
5266442,cascading2-protobufs,Organization,"Cascading 2 library for working with Protocol Buffers (Scheme, Serialization, and maybe even some functions/filters)",2012-08-02T00:08:35Z,2021-02-23T07:38:20Z,square,MIT License,True,14,8,16,16,https://api.github.com/repos/square/cascading2-protobufs,https://api.github.com/repos/square/cascading2-protobufs/commits,https://api.github.com/repos/square/cascading2-protobufs/languages,
85637033,catalog-api-demo,Organization,Demo app providing examples of common Catalog API interactions.,2017-03-20T23:20:48Z,2020-11-20T16:06:03Z,square,Apache License 2.0,True,3,1,8,8,https://api.github.com/repos/square/catalog-api-demo,https://api.github.com/repos/square/catalog-api-demo/commits,https://api.github.com/repos/square/catalog-api-demo/languages,
59852599,certigo,Organization,A utility to examine and validate certificates in a variety of formats,2016-05-27T17:41:53Z,2021-03-03T12:39:08Z,square,Apache License 2.0,False,55,24,660,660,https://api.github.com/repos/square/certigo,https://api.github.com/repos/square/certigo/commits,https://api.github.com/repos/square/certigo/languages,
31959125,certstrap,Organization,"Tools to bootstrap CAs, certificate requests, and signed certificates.",2015-03-10T13:32:38Z,2021-03-04T20:59:41Z,square,Apache License 2.0,False,155,20,1538,1538,https://api.github.com/repos/square/certstrap,https://api.github.com/repos/square/certstrap/commits,https://api.github.com/repos/square/certstrap/languages,
103194216,cla-test,Organization,,2017-09-11T22:24:34Z,2019-08-07T03:15:08Z,square,,True,2,1,1,1,https://api.github.com/repos/square/cla-test,https://api.github.com/repos/square/cla-test/commits,https://api.github.com/repos/square/cla-test/languages,
60655833,Cleanse,Organization,Lightweight Swift Dependency Injection Framework,2016-06-08T00:24:36Z,2021-03-07T16:29:34Z,square,Other,False,81,3,1537,1537,https://api.github.com/repos/square/Cleanse,https://api.github.com/repos/square/Cleanse/commits,https://api.github.com/repos/square/Cleanse/languages,
45204735,cocoapods-check,Organization,A CocoaPods plugin that shows differences between locked and installed Pods,2015-10-29T19:09:22Z,2021-03-04T20:38:55Z,square,Apache License 2.0,True,16,2,109,109,https://api.github.com/repos/square/cocoapods-check,https://api.github.com/repos/square/cocoapods-check/commits,https://api.github.com/repos/square/cocoapods-check/languages,
134632340,cocoapods-generate,Organization,A CocoaPods plugin that allows you to easily generate a workspace from a podspec.,2018-05-23T22:33:32Z,2021-03-03T19:25:20Z,square,MIT License,False,23,13,186,186,https://api.github.com/repos/square/cocoapods-generate,https://api.github.com/repos/square/cocoapods-generate/commits,https://api.github.com/repos/square/cocoapods-generate/languages,
272793135,cocoapods-query,Organization,"Shows all CocoaPods in a project filtered by search term (author name, source file, dependency, etc.)",2020-06-16T19:19:52Z,2021-02-25T19:13:58Z,square,Other,True,1,0,2,2,https://api.github.com/repos/square/cocoapods-query,https://api.github.com/repos/square/cocoapods-query/commits,https://api.github.com/repos/square/cocoapods-query/languages,
130916501,cocoapods-repo-sq,Organization,,2018-04-24T21:36:24Z,2019-07-03T20:51:01Z,square,Apache License 2.0,True,1,1,3,3,https://api.github.com/repos/square/cocoapods-repo-sq,https://api.github.com/repos/square/cocoapods-repo-sq/commits,https://api.github.com/repos/square/cocoapods-repo-sq/languages,
272593311,cocoapods-why,Organization,Shows why one CocoaPod depends on another,2020-06-16T02:42:37Z,2021-02-24T01:03:33Z,square,Other,True,1,0,4,4,https://api.github.com/repos/square/cocoapods-why,https://api.github.com/repos/square/cocoapods-why/commits,https://api.github.com/repos/square/cocoapods-why/languages,
6890341,connect-api-examples,Organization,,2012-11-27T20:26:29Z,2021-03-02T12:28:25Z,square,,False,624,28,277,277,https://api.github.com/repos/square/connect-api-examples,https://api.github.com/repos/square/connect-api-examples/commits,https://api.github.com/repos/square/connect-api-examples/languages,
54998230,connect-api-specification,Organization,This repository contains the OpenAPI specification as well as templates for generating SDKs for Square's APIs,2016-03-29T17:56:27Z,2021-03-01T18:54:21Z,square,Apache License 2.0,True,34,9,55,55,https://api.github.com/repos/square/connect-api-specification,https://api.github.com/repos/square/connect-api-specification/commits,https://api.github.com/repos/square/connect-api-specification/languages,
64772048,connect-csharp-sdk,Organization,C# client library for the Square Connect APIs,2016-08-02T16:07:33Z,2021-02-08T15:24:15Z,square,Apache License 2.0,True,27,4,27,27,https://api.github.com/repos/square/connect-csharp-sdk,https://api.github.com/repos/square/connect-csharp-sdk/commits,https://api.github.com/repos/square/connect-csharp-sdk/languages,
85248752,connect-java-sdk,Organization,Java client library for the Square Connect v2 API,2017-03-16T22:54:55Z,2021-02-24T23:46:53Z,square,Apache License 2.0,True,19,3,36,36,https://api.github.com/repos/square/connect-java-sdk,https://api.github.com/repos/square/connect-java-sdk/commits,https://api.github.com/repos/square/connect-java-sdk/languages,
113892509,connect-nodejs-sdk,Organization,Javascript client library for the Square Connect APIs ,2017-12-11T18:14:02Z,2021-01-25T09:48:09Z,square,Apache License 2.0,True,43,7,80,80,https://api.github.com/repos/square/connect-nodejs-sdk,https://api.github.com/repos/square/connect-nodejs-sdk/commits,https://api.github.com/repos/square/connect-nodejs-sdk/languages,
54998361,connect-php-sdk,Organization,PHP client library for the Square Connect APIs,2016-03-29T17:58:12Z,2020-10-19T13:51:56Z,square,Apache License 2.0,False,51,8,114,114,https://api.github.com/repos/square/connect-php-sdk,https://api.github.com/repos/square/connect-php-sdk/commits,https://api.github.com/repos/square/connect-php-sdk/languages,
64772029,connect-python-sdk,Organization,Python client library for the Square Connect APIs,2016-08-02T16:07:17Z,2020-08-02T19:43:58Z,square,Apache License 2.0,True,35,5,45,45,https://api.github.com/repos/square/connect-python-sdk,https://api.github.com/repos/square/connect-python-sdk/commits,https://api.github.com/repos/square/connect-python-sdk/languages,
54598346,connect-ruby-sdk,Organization,Ruby client library for the Square Connect APIs,2016-03-23T22:49:23Z,2020-10-31T12:01:56Z,square,Apache License 2.0,False,25,1,42,42,https://api.github.com/repos/square/connect-ruby-sdk,https://api.github.com/repos/square/connect-ruby-sdk/commits,https://api.github.com/repos/square/connect-ruby-sdk/languages,
58294816,coordinators,Organization,Simple MVWhatever for Android,2016-05-08T03:27:06Z,2021-02-28T18:13:27Z,square,Apache License 2.0,False,45,0,714,714,https://api.github.com/repos/square/coordinators,https://api.github.com/repos/square/coordinators/commits,https://api.github.com/repos/square/coordinators/languages,
3598373,crossfilter,Organization,Fast n-dimensional filtering and grouping of records.,2012-03-02T02:10:44Z,2021-03-03T18:06:41Z,square,Other,True,1367,4,6195,6195,https://api.github.com/repos/square/crossfilter,https://api.github.com/repos/square/crossfilter/commits,https://api.github.com/repos/square/crossfilter/languages,
2374578,cube,Organization,Cube: A system for time series visualization.,2011-09-12T22:02:05Z,2021-03-03T16:10:55Z,square,Other,True,454,48,3931,3931,https://api.github.com/repos/square/cube,https://api.github.com/repos/square/cube/commits,https://api.github.com/repos/square/cube/languages,
3859306,cubism,Organization,Cubism.js: A JavaScript library for time series visualization.,2012-03-28T20:30:48Z,2021-02-16T17:01:59Z,square,Other,True,576,46,4899,4899,https://api.github.com/repos/square/cubism,https://api.github.com/repos/square/cubism/commits,https://api.github.com/repos/square/cubism/languages,
335059626,curtains,Organization,Lift the curtain on Android Windows!,2021-02-01T19:24:16Z,2021-03-08T12:26:11Z,square,Apache License 2.0,True,3,1,266,266,https://api.github.com/repos/square/curtains,https://api.github.com/repos/square/curtains/commits,https://api.github.com/repos/square/curtains/languages,
232632652,cycler,Organization,,2020-01-08T18:36:46Z,2021-03-06T16:38:38Z,square,Apache License 2.0,True,22,13,726,726,https://api.github.com/repos/square/cycler,https://api.github.com/repos/square/cycler/commits,https://api.github.com/repos/square/cycler/languages,
5279091,dagger,Organization,A fast dependency injector for Android and Java.,2012-08-02T23:25:32Z,2021-03-08T12:24:59Z,square,Apache License 2.0,False,2991,62,7262,7262,https://api.github.com/repos/square/dagger,https://api.github.com/repos/square/dagger/commits,https://api.github.com/repos/square/dagger/languages,
9984924,dagger-intellij-plugin,Organization,An IntelliJ IDEA plugin for Dagger which provides insight into how injections and providers are used.,2013-05-10T16:02:30Z,2021-02-24T20:06:23Z,square,Apache License 2.0,False,46,9,803,803,https://api.github.com/repos/square/dagger-intellij-plugin,https://api.github.com/repos/square/dagger-intellij-plugin/commits,https://api.github.com/repos/square/dagger-intellij-plugin/languages,
62245239,debug_socket,Organization,Debug socket.,2016-06-29T17:36:03Z,2020-01-09T19:55:51Z,square,Apache License 2.0,False,2,1,6,6,https://api.github.com/repos/square/debug_socket,https://api.github.com/repos/square/debug_socket/commits,https://api.github.com/repos/square/debug_socket/languages,
203695767,droidcon-nyc-2019-workflow-game,Organization,,2019-08-22T02:02:17Z,2020-05-01T17:25:16Z,square,,False,4,0,21,21,https://api.github.com/repos/square/droidcon-nyc-2019-workflow-game,https://api.github.com/repos/square/droidcon-nyc-2019-workflow-game/commits,https://api.github.com/repos/square/droidcon-nyc-2019-workflow-game/languages,
108461954,ember-computable,Organization,EmberJS computed property addon that supports functional programming concepts.,2017-10-26T20:26:20Z,2019-07-03T20:50:29Z,square,Apache License 2.0,True,1,0,9,9,https://api.github.com/repos/square/ember-computable,https://api.github.com/repos/square/ember-computable/commits,https://api.github.com/repos/square/ember-computable/languages,
175881793,ember-square-payment-form,Organization,"The Square Payment Form Ember addon lets you take payments securely and easily in your Ember app using a familiar, component-based syntax.",2019-03-15T19:46:43Z,2020-11-02T17:15:14Z,square,MIT License,False,4,14,11,11,https://api.github.com/repos/square/ember-square-payment-form,https://api.github.com/repos/square/ember-square-payment-form/commits,https://api.github.com/repos/square/ember-square-payment-form/languages,
19263292,erg,Organization,CLI for querying range servers,2014-04-29T04:03:50Z,2020-10-15T20:43:37Z,square,Other,True,17,1,9,9,https://api.github.com/repos/square/erg,https://api.github.com/repos/square/erg/commits,https://api.github.com/repos/square/erg/languages,
243838452,eslint-plugin-square,Organization,"An eslint plugin containing custom JavaScript, Ember, React, TypeScript rules and configurations tailored to Square's needs.",2020-02-28T19:23:32Z,2021-03-01T15:41:17Z,square,Apache License 2.0,True,5,12,9,9,https://api.github.com/repos/square/eslint-plugin-square,https://api.github.com/repos/square/eslint-plugin-square/commits,https://api.github.com/repos/square/eslint-plugin-square/languages,
7903081,ETL,Organization,"Extract, Transform, and Load data with Ruby",2013-01-29T22:51:22Z,2021-02-23T07:38:19Z,square,Other,True,30,7,370,370,https://api.github.com/repos/square/ETL,https://api.github.com/repos/square/ETL/commits,https://api.github.com/repos/square/ETL/languages,
91601985,etre,Organization,Entity API for managing primitive entities with labels,2017-05-17T17:18:45Z,2021-03-02T16:06:39Z,square,Apache License 2.0,False,9,0,18,18,https://api.github.com/repos/square/etre,https://api.github.com/repos/square/etre/commits,https://api.github.com/repos/square/etre/languages,
109155373,etre-client-ruby,Organization,Ruby client for etre https://github.com/square/etre,2017-11-01T16:28:24Z,2021-02-17T15:05:57Z,square,Apache License 2.0,True,2,0,1,1,https://api.github.com/repos/square/etre-client-ruby,https://api.github.com/repos/square/etre-client-ruby/commits,https://api.github.com/repos/square/etre-client-ruby/languages,
275945748,extension-policy-helper,Organization,,2020-06-29T23:10:18Z,2020-07-02T04:44:10Z,square,Apache License 2.0,True,1,0,1,1,https://api.github.com/repos/square/extension-policy-helper,https://api.github.com/repos/square/extension-policy-helper/commits,https://api.github.com/repos/square/extension-policy-helper/languages,
84984027,fde-rekey,Organization,fde-rekey is a tool used to rotate/generate a macOS filevault2 personal recovery key without user interaction.,2017-03-14T18:31:46Z,2019-07-03T20:49:51Z,square,Apache License 2.0,False,2,2,32,32,https://api.github.com/repos/square/fde-rekey,https://api.github.com/repos/square/fde-rekey/commits,https://api.github.com/repos/square/fde-rekey/languages,
4719555,fdoc,Organization,Documentation format and verification,2012-06-19T21:40:32Z,2021-02-13T09:39:24Z,square,Other,True,58,12,385,385,https://api.github.com/repos/square/fdoc,https://api.github.com/repos/square/fdoc/commits,https://api.github.com/repos/square/fdoc/languages,
41121590,field-kit,Organization,FieldKit lets you take control of your text fields.,2015-08-20T22:23:24Z,2021-02-23T21:00:45Z,square,Apache License 2.0,True,35,21,454,454,https://api.github.com/repos/square/field-kit,https://api.github.com/repos/square/field-kit/commits,https://api.github.com/repos/square/field-kit/languages,
114170955,find-yarn-workspace-root,Organization,"Algorithm for finding the root of a yarn workspace, extracted from yarnpkg.com",2017-12-13T21:30:50Z,2021-02-22T19:43:24Z,square,Apache License 2.0,True,8,2,36,36,https://api.github.com/repos/square/find-yarn-workspace-root,https://api.github.com/repos/square/find-yarn-workspace-root/commits,https://api.github.com/repos/square/find-yarn-workspace-root/languages,
12796207,flow,Organization,"Name UI states, navigate between them, remember where you've been.",2013-09-12T22:20:16Z,2021-02-20T12:54:54Z,square,Apache License 2.0,True,262,37,2808,2808,https://api.github.com/repos/square/flow,https://api.github.com/repos/square/flow/commits,https://api.github.com/repos/square/flow/languages,
474273,ftpfxp,Organization,"ftpfxp, with patch",2010-01-15T22:22:04Z,2020-05-08T23:19:23Z,square,Other,True,10,1,11,11,https://api.github.com/repos/square/ftpfxp,https://api.github.com/repos/square/ftpfxp/commits,https://api.github.com/repos/square/ftpfxp/languages,
699741,fundraiser,Organization,,2010-06-02T18:58:27Z,2020-03-04T20:12:23Z,square,,False,7,0,8,8,https://api.github.com/repos/square/fundraiser,https://api.github.com/repos/square/fundraiser/commits,https://api.github.com/repos/square/fundraiser/languages,
35850471,gcmd,Organization,Simple library for golang to execute commands in parallel,2015-05-19T00:49:23Z,2020-06-23T05:43:19Z,square,Other,True,5,0,13,13,https://api.github.com/repos/square/gcmd,https://api.github.com/repos/square/gcmd/commits,https://api.github.com/repos/square/gcmd/languages,
314576,gh-unit,Organization,Test Framework for Objective-C,2009-09-22T18:13:54Z,2020-08-13T14:15:30Z,square,,True,5,0,17,17,https://api.github.com/repos/square/gh-unit,https://api.github.com/repos/square/gh-unit/commits,https://api.github.com/repos/square/gh-unit/languages,
75039592,gifencoder,Organization,A pure Java library implementing the GIF89a specification. Suitable for use on Android.,2016-11-29T03:32:18Z,2021-02-18T20:54:14Z,square,Apache License 2.0,False,65,4,607,607,https://api.github.com/repos/square/gifencoder,https://api.github.com/repos/square/gifencoder/commits,https://api.github.com/repos/square/gifencoder/languages,
36754803,git-fastclone,Organization,git clone --recursive on steroids,2015-06-02T18:56:14Z,2021-02-26T20:50:50Z,square,Other,False,23,3,169,169,https://api.github.com/repos/square/git-fastclone,https://api.github.com/repos/square/git-fastclone/commits,https://api.github.com/repos/square/git-fastclone/languages,
26651710,go-jose,Organization,"An implementation of JOSE standards (JWE, JWS, JWT) in Go",2014-11-14T18:27:31Z,2021-03-08T08:34:10Z,square,,False,310,52,1720,1720,https://api.github.com/repos/square/go-jose,https://api.github.com/repos/square/go-jose/commits,https://api.github.com/repos/square/go-jose/languages,
52479416,go-sq-metrics,Organization,Shared package for metrics collection,2016-02-24T22:35:04Z,2019-07-03T20:48:58Z,square,Apache License 2.0,False,1,0,4,4,https://api.github.com/repos/square/go-sq-metrics,https://api.github.com/repos/square/go-sq-metrics/commits,https://api.github.com/repos/square/go-sq-metrics/languages,
54499863,goprotowrap,Organization,"A package-at-a-time wrapper for protoc, for generating Go protobuf code.",2016-03-22T18:38:58Z,2020-11-21T22:46:49Z,square,Apache License 2.0,True,8,3,147,147,https://api.github.com/repos/square/goprotowrap,https://api.github.com/repos/square/goprotowrap/commits,https://api.github.com/repos/square/goprotowrap/languages,
62745131,gpgmeh,Organization,It's a GPG Gem. Meh.,2016-07-06T18:43:39Z,2021-02-12T22:10:39Z,square,Apache License 2.0,False,4,0,13,13,https://api.github.com/repos/square/gpgmeh,https://api.github.com/repos/square/gpgmeh/commits,https://api.github.com/repos/square/gpgmeh/languages,
18731845,grange,Organization,A modern subset of the range query language,2014-04-13T15:04:51Z,2020-12-21T01:49:46Z,square,Other,False,20,5,35,35,https://api.github.com/repos/square/grange,https://api.github.com/repos/square/grange/commits,https://api.github.com/repos/square/grange/languages,
18779908,grange-server,Organization,,2014-04-14T23:02:57Z,2020-06-23T05:43:13Z,square,Other,True,10,0,11,11,https://api.github.com/repos/square/grange-server,https://api.github.com/repos/square/grange-server/commits,https://api.github.com/repos/square/grange-server/languages,
35850391,gssh,Organization,simple command line to utility to run commands on multiple hosts in parallel,2015-05-19T00:46:50Z,2021-01-31T01:04:15Z,square,Other,True,7,3,101,101,https://api.github.com/repos/square/gssh,https://api.github.com/repos/square/gssh/commits,https://api.github.com/repos/square/gssh/languages,
34395232,haha,Organization,DEPRECATED Java library to automate the analysis of Android heap dumps.,2015-04-22T14:29:19Z,2021-03-08T09:12:00Z,square,Apache License 2.0,False,162,0,1332,1332,https://api.github.com/repos/square/haha,https://api.github.com/repos/square/haha/commits,https://api.github.com/repos/square/haha/languages,
45428426,homebrew-bottles,Organization,File hosting for homebrew-self,2015-11-02T23:17:25Z,2019-07-03T20:48:45Z,square,Other,True,3,0,2,2,https://api.github.com/repos/square/homebrew-bottles,https://api.github.com/repos/square/homebrew-bottles/commits,https://api.github.com/repos/square/homebrew-bottles/languages,
45428554,homebrew-self,Organization,Square homebrew formula,2015-11-02T23:21:03Z,2019-07-03T20:48:45Z,square,Apache License 2.0,True,4,0,2,2,https://api.github.com/repos/square/homebrew-self,https://api.github.com/repos/square/homebrew-self/commits,https://api.github.com/repos/square/homebrew-self/languages,
1492949,hoptoad-ios,Organization,A Hoptoad Notifier for iOS,2011-03-17T18:52:11Z,2020-07-27T00:18:05Z,square,,False,6,0,7,7,https://api.github.com/repos/square/hoptoad-ios,https://api.github.com/repos/square/hoptoad-ios/commits,https://api.github.com/repos/square/hoptoad-ios/languages,
161254944,in-app-payments-android-quickstart,Organization,In-App Payments Quick Start Sample Android App,2018-12-11T00:35:37Z,2021-03-06T16:44:07Z,square,Apache License 2.0,True,29,3,30,30,https://api.github.com/repos/square/in-app-payments-android-quickstart,https://api.github.com/repos/square/in-app-payments-android-quickstart/commits,https://api.github.com/repos/square/in-app-payments-android-quickstart/languages,
158431980,in-app-payments-flutter-plugin,Organization,Flutter Plugin for Square In-App Payments SDK,2018-11-20T18:09:50Z,2021-03-05T06:38:58Z,square,Apache License 2.0,False,92,12,256,256,https://api.github.com/repos/square/in-app-payments-flutter-plugin,https://api.github.com/repos/square/in-app-payments-flutter-plugin/commits,https://api.github.com/repos/square/in-app-payments-flutter-plugin/languages,
160861047,in-app-payments-ios,Organization,Public repository that hosts the Square In-App Payments SDK iOS binaries,2018-12-07T18:28:10Z,2021-01-29T23:46:07Z,square,,True,6,5,8,8,https://api.github.com/repos/square/in-app-payments-ios,https://api.github.com/repos/square/in-app-payments-ios/commits,https://api.github.com/repos/square/in-app-payments-ios/languages,
161253133,in-app-payments-ios-quickstart,Organization,In-App Payments Quick Start Sample iOS App,2018-12-11T00:10:31Z,2021-03-02T16:21:20Z,square,Apache License 2.0,True,8,2,23,23,https://api.github.com/repos/square/in-app-payments-ios-quickstart,https://api.github.com/repos/square/in-app-payments-ios-quickstart/commits,https://api.github.com/repos/square/in-app-payments-ios-quickstart/languages,
169495419,in-app-payments-react-native-plugin,Organization,,2019-02-06T23:56:34Z,2021-02-11T14:32:56Z,square,Apache License 2.0,False,27,19,69,69,https://api.github.com/repos/square/in-app-payments-react-native-plugin,https://api.github.com/repos/square/in-app-payments-react-native-plugin/commits,https://api.github.com/repos/square/in-app-payments-react-native-plugin/languages,
161548388,in-app-payments-server-quickstart,Organization,In-App Payments Server Example,2018-12-12T21:38:27Z,2021-02-09T00:47:24Z,square,,True,23,0,25,25,https://api.github.com/repos/square/in-app-payments-server-quickstart,https://api.github.com/repos/square/in-app-payments-server-quickstart/commits,https://api.github.com/repos/square/in-app-payments-server-quickstart/languages,
35698729,inspect,Organization,"inspect is a collection of metrics gathering, analysis utilities for various subsystems of linux, mysql and postgres.",2015-05-15T21:57:57Z,2021-02-20T15:15:32Z,square,Apache License 2.0,False,38,6,240,240,https://api.github.com/repos/square/inspect,https://api.github.com/repos/square/inspect/commits,https://api.github.com/repos/square/inspect/languages,
24900746,intro-to-d3,Organization,a D3.js tutorial,2014-10-07T16:53:43Z,2021-02-22T12:19:27Z,square,Other,False,167,9,597,597,https://api.github.com/repos/square/intro-to-d3,https://api.github.com/repos/square/intro-to-d3/commits,https://api.github.com/repos/square/intro-to-d3/languages,
9380996,java-code-styles,Organization,IntelliJ IDEA code style settings for Square's Java and Android projects.,2013-04-11T21:44:31Z,2021-03-05T21:51:32Z,square,,False,753,12,2835,2835,https://api.github.com/repos/square/java-code-styles,https://api.github.com/repos/square/java-code-styles/commits,https://api.github.com/repos/square/java-code-styles/languages,
134881676,java-vitess-launcher,Organization,Launch Vitess from Java,2018-05-25T16:40:57Z,2019-07-03T20:51:07Z,square,Apache License 2.0,True,1,0,1,1,https://api.github.com/repos/square/java-vitess-launcher,https://api.github.com/repos/square/java-vitess-launcher/commits,https://api.github.com/repos/square/java-vitess-launcher/languages,
7961991,javapoet,Organization,A Java API for generating .java source files.,2013-02-01T16:56:30Z,2021-03-08T07:39:51Z,square,Apache License 2.0,False,1126,98,8733,8733,https://api.github.com/repos/square/javapoet,https://api.github.com/repos/square/javapoet/commits,https://api.github.com/repos/square/javapoet/languages,
3220643,jetpack,Organization,jet.pack: package your JRuby rack app for Jetty.,2012-01-19T20:03:36Z,2020-05-04T05:00:07Z,square,Other,True,31,6,251,251,https://api.github.com/repos/square/jetpack,https://api.github.com/repos/square/jetpack/commits,https://api.github.com/repos/square/jetpack/languages,
4021653,JIRAFoundation,Organization,,2012-04-14T00:54:22Z,2019-07-03T20:47:13Z,square,,True,7,0,41,41,https://api.github.com/repos/square/JIRAFoundation,https://api.github.com/repos/square/JIRAFoundation/commits,https://api.github.com/repos/square/JIRAFoundation/languages,
8892026,jirafy,Organization,Chrome extension that linkifies JIRA ticket numbers on select pages.,2013-03-19T23:37:58Z,2020-11-20T01:59:02Z,square,Apache License 2.0,False,26,10,96,96,https://api.github.com/repos/square/jirafy,https://api.github.com/repos/square/jirafy/commits,https://api.github.com/repos/square/jirafy/languages,
16660401,jna-gmp,Organization,A Java JNA wrapper around the GNU Multiple Precision Arithmetic Library.,2014-02-09T05:08:58Z,2021-02-24T07:46:02Z,square,Apache License 2.0,False,19,5,57,57,https://api.github.com/repos/square/jna-gmp,https://api.github.com/repos/square/jna-gmp/commits,https://api.github.com/repos/square/jna-gmp/languages,
29940346,js-jose,Organization,JavaScript library to encrypt/decrypt data in JSON Web Encryption (JWE) format and to sign/verify data in JSON Web Signature (JWS) format. Leverages Browser's native WebCrypto API.,2015-01-27T23:26:10Z,2021-03-02T17:48:32Z,square,Apache License 2.0,False,92,26,385,385,https://api.github.com/repos/square/js-jose,https://api.github.com/repos/square/js-jose/commits,https://api.github.com/repos/square/js-jose/languages,
1907635,JSONKit,Organization,Objective-C JSON,2011-06-16T20:04:22Z,2019-11-22T23:28:23Z,square,,True,5,0,16,16,https://api.github.com/repos/square/JSONKit,https://api.github.com/repos/square/JSONKit/commits,https://api.github.com/repos/square/JSONKit/languages,
95499850,kazoo-client,Organization,Client library Ruby gem for use with the 2600Hz Kazoo phone system,2017-06-27T00:03:36Z,2019-07-03T20:50:08Z,square,Apache License 2.0,True,6,0,2,2,https://api.github.com/repos/square/kazoo-client,https://api.github.com/repos/square/kazoo-client/commits,https://api.github.com/repos/square/kazoo-client/languages,
73494172,keysync,Organization,Keysync periodically downloads secrets from Keywhiz,2016-11-11T16:39:10Z,2021-03-05T12:37:20Z,square,Apache License 2.0,True,13,10,42,42,https://api.github.com/repos/square/keysync,https://api.github.com/repos/square/keysync/commits,https://api.github.com/repos/square/keysync/languages,
32866430,keywhiz,Organization,A system for distributing and managing secrets,2015-03-25T13:31:39Z,2021-03-07T16:36:35Z,square,Apache License 2.0,True,195,46,2366,2366,https://api.github.com/repos/square/keywhiz,https://api.github.com/repos/square/keywhiz/commits,https://api.github.com/repos/square/keywhiz/languages,
32866443,keywhiz-fs,Organization,A DEPRECATED file-system client for Keywhiz,2015-03-25T13:31:56Z,2020-08-20T05:53:38Z,square,Apache License 2.0,False,23,0,112,112,https://api.github.com/repos/square/keywhiz-fs,https://api.github.com/repos/square/keywhiz-fs/commits,https://api.github.com/repos/square/keywhiz-fs/languages,
12229521,kochiku,Organization,Shard your builds for fun and profit,2013-08-19T22:53:02Z,2021-03-08T11:40:42Z,square,Apache License 2.0,True,52,9,607,607,https://api.github.com/repos/square/kochiku,https://api.github.com/repos/square/kochiku/commits,https://api.github.com/repos/square/kochiku/languages,
12283746,kochiku-worker,Organization,Build worker component of Kochiku,2013-08-21T23:24:22Z,2021-03-08T11:38:09Z,square,Apache License 2.0,True,16,2,69,69,https://api.github.com/repos/square/kochiku-worker,https://api.github.com/repos/square/kochiku-worker/commits,https://api.github.com/repos/square/kochiku-worker/languages,
83513404,kotlinpoet,Organization,A Kotlin API for generating .kt source files.,2017-03-01T04:59:42Z,2021-03-07T16:35:25Z,square,Apache License 2.0,False,183,38,2647,2647,https://api.github.com/repos/square/kotlinpoet,https://api.github.com/repos/square/kotlinpoet/commits,https://api.github.com/repos/square/kotlinpoet/languages,
302130607,lambda-secrets-prefetch,Organization,,2020-10-07T18:47:52Z,2021-02-22T03:05:12Z,square,Apache License 2.0,True,2,0,49,49,https://api.github.com/repos/square/lambda-secrets-prefetch,https://api.github.com/repos/square/lambda-secrets-prefetch/commits,https://api.github.com/repos/square/lambda-secrets-prefetch/languages,
34824499,leakcanary,Organization,A memory leak detection library for Android.,2015-04-29T23:54:16Z,2021-03-08T13:18:30Z,square,Apache License 2.0,False,3739,66,25848,25848,https://api.github.com/repos/square/leakcanary,https://api.github.com/repos/square/leakcanary/commits,https://api.github.com/repos/square/leakcanary/languages,
12114737,lgtm,Organization,Simple object validation for JavaScript.,2013-08-14T17:16:51Z,2021-01-30T21:48:57Z,square,Other,True,35,2,366,366,https://api.github.com/repos/square/lgtm,https://api.github.com/repos/square/lgtm/commits,https://api.github.com/repos/square/lgtm/languages,
12280995,libcrange,Organization,The libcrange cluster metadata library.,2013-08-21T20:47:25Z,2020-12-17T02:09:31Z,square,"BSD 3-Clause ""New"" or ""Revised"" License",True,14,0,26,26,https://api.github.com/repos/square/libcrange,https://api.github.com/repos/square/libcrange/commits,https://api.github.com/repos/square/libcrange/languages,
23033467,lifecycle.js,Organization,Lifecycles for managing your application start and stop.,2014-08-17T04:52:01Z,2019-07-03T20:48:00Z,square,Other,True,4,0,15,15,https://api.github.com/repos/square/lifecycle.js,https://api.github.com/repos/square/lifecycle.js/commits,https://api.github.com/repos/square/lifecycle.js/languages,
2752699,luhnybin,Organization,,2011-11-11T00:04:11Z,2020-12-04T13:29:31Z,square,Apache License 2.0,True,178,3,230,230,https://api.github.com/repos/square/luhnybin,https://api.github.com/repos/square/luhnybin/commits,https://api.github.com/repos/square/luhnybin/languages,
132650963,luks2crypt,Organization,Manage linux luks client devices and escrow recovery keys to crypt-server,2018-05-08T18:47:09Z,2021-02-22T00:07:32Z,square,GNU General Public License v3.0,False,9,3,27,27,https://api.github.com/repos/square/luks2crypt,https://api.github.com/repos/square/luks2crypt/commits,https://api.github.com/repos/square/luks2crypt/languages,
113254049,mail_delivery_task,Organization,Async email delivery,2017-12-06T01:41:09Z,2019-07-03T20:50:36Z,square,Other,True,1,0,1,1,https://api.github.com/repos/square/mail_delivery_task,https://api.github.com/repos/square/mail_delivery_task/commits,https://api.github.com/repos/square/mail_delivery_task/languages,
331979702,maker,Organization,Maker Design System by Square,2021-01-22T15:05:59Z,2021-03-03T16:34:40Z,square,Other,False,0,4,10,10,https://api.github.com/repos/square/maker,https://api.github.com/repos/square/maker/commits,https://api.github.com/repos/square/maker/languages,
333099713,maker-icons,Organization,,2021-01-26T13:51:12Z,2021-01-29T07:16:05Z,square,Other,True,0,0,1,1,https://api.github.com/repos/square/maker-icons,https://api.github.com/repos/square/maker-icons/commits,https://api.github.com/repos/square/maker-icons/languages,
250649454,maven-archeologist,Organization,A simple API for programmatically handling maven artifacts and metadata,2020-03-27T21:16:38Z,2020-12-23T14:09:33Z,square,Apache License 2.0,True,4,2,32,32,https://api.github.com/repos/square/maven-archeologist,https://api.github.com/repos/square/maven-archeologist/commits,https://api.github.com/repos/square/maven-archeologist/languages,
10750276,maximum-awesome,Organization,Config files for vim and tmux.,2013-06-18T00:14:21Z,2021-03-06T06:05:34Z,square,Other,True,990,36,5510,5510,https://api.github.com/repos/square/maximum-awesome,https://api.github.com/repos/square/maximum-awesome/commits,https://api.github.com/repos/square/maximum-awesome/languages,
34279409,metrics,Organization,Metrics Query Engine,2015-04-20T18:43:35Z,2021-02-22T16:05:37Z,square,Apache License 2.0,True,26,9,168,168,https://api.github.com/repos/square/metrics,https://api.github.com/repos/square/metrics/commits,https://api.github.com/repos/square/metrics/languages,
9864669,mimecraft,Organization,Utility for creating RFC-compliant multipart and form-encoded HTTP request bodies.,2013-05-05T05:48:46Z,2020-12-25T19:34:59Z,square,Apache License 2.0,False,35,2,198,198,https://api.github.com/repos/square/mimecraft,https://api.github.com/repos/square/mimecraft/commits,https://api.github.com/repos/square/mimecraft/languages,
174596052,MimicAndRephrase,Organization,The code for the Mimic and Rephrase paper,2019-03-08T19:23:24Z,2020-08-13T03:04:47Z,square,MIT License,True,5,0,13,13,https://api.github.com/repos/square/MimicAndRephrase,https://api.github.com/repos/square/MimicAndRephrase/commits,https://api.github.com/repos/square/MimicAndRephrase/languages,
120944960,mongo-lock,Organization,Distributed locking with MongoDB.,2018-02-09T19:10:56Z,2021-02-07T17:45:30Z,square,Apache License 2.0,True,9,1,32,32,https://api.github.com/repos/square/mongo-lock,https://api.github.com/repos/square/mongo-lock/commits,https://api.github.com/repos/square/mongo-lock/languages,
14247776,mortar,Organization,"A simple library that makes it easy to pair thin views with dedicated controllers, isolated from most of the vagaries of the Activity life cycle.",2013-11-09T00:01:50Z,2021-02-24T10:49:35Z,square,Apache License 2.0,True,172,33,2190,2190,https://api.github.com/repos/square/mortar,https://api.github.com/repos/square/mortar/commits,https://api.github.com/repos/square/mortar/languages,
22789601,moshi,Organization,A modern JSON library for Kotlin and Java.,2014-08-09T15:58:42Z,2021-03-08T12:16:45Z,square,Apache License 2.0,False,584,80,7108,7108,https://api.github.com/repos/square/moshi,https://api.github.com/repos/square/moshi/commits,https://api.github.com/repos/square/moshi/languages,
34085419,mssh,Organization,,2015-04-16T23:11:03Z,2021-02-19T13:40:17Z,square,Other,True,6,4,43,43,https://api.github.com/repos/square/mssh,https://api.github.com/repos/square/mssh/commits,https://api.github.com/repos/square/mssh/languages,
40271640,mysql-parser,Organization,A ddl parser for mysql,2015-08-05T22:21:54Z,2020-04-17T13:15:43Z,square,Apache License 2.0,True,9,1,19,19,https://api.github.com/repos/square/mysql-parser,https://api.github.com/repos/square/mysql-parser/commits,https://api.github.com/repos/square/mysql-parser/languages,
36026368,notify,Organization,Simple notification service and libraries,2015-05-21T17:10:34Z,2020-05-01T14:38:48Z,square,,True,1,0,5,5,https://api.github.com/repos/square/notify,https://api.github.com/repos/square/notify/commits,https://api.github.com/repos/square/notify/languages,
4514890,objc-borderpatrol,Organization,A simple point-in-polygon implementation on top of Core Location.,2012-06-01T01:20:19Z,2019-08-07T06:13:28Z,square,Other,True,10,0,77,77,https://api.github.com/repos/square/objc-borderpatrol,https://api.github.com/repos/square/objc-borderpatrol/commits,https://api.github.com/repos/square/objc-borderpatrol/languages,
5152285,okhttp,Organization,"Squareâ€™s meticulous HTTP client for the JVM, Android, and GraalVM.",2012-07-23T13:42:55Z,2021-03-08T12:51:18Z,square,Apache License 2.0,False,8427,103,39542,39542,https://api.github.com/repos/square/okhttp,https://api.github.com/repos/square/okhttp/commits,https://api.github.com/repos/square/okhttp/languages,
17812502,okio,Organization,"A modern I/O library for Android, Kotlin, and Java.",2014-03-17T00:02:59Z,2021-03-08T10:53:58Z,square,Apache License 2.0,False,1055,64,7454,7454,https://api.github.com/repos/square/okio,https://api.github.com/repos/square/okio/commits,https://api.github.com/repos/square/okio/languages,
231439130,orbit,Organization,Square eCommerce's (formerly Weebly) Vue.js UI component library,2020-01-02T18:39:35Z,2021-01-20T15:49:20Z,square,Other,True,3,5,46,46,https://api.github.com/repos/square/orbit,https://api.github.com/repos/square/orbit/commits,https://api.github.com/repos/square/orbit/languages,
231439285,orbit-icons,Organization,,2020-01-02T18:40:34Z,2020-11-13T22:34:45Z,square,Other,True,0,4,1,1,https://api.github.com/repos/square/orbit-icons,https://api.github.com/repos/square/orbit-icons/commits,https://api.github.com/repos/square/orbit-icons/languages,
44886336,osstrich,Organization,Open Source Software Task Robot Indestructible Computer Hero,2015-10-24T21:49:56Z,2020-12-18T16:24:43Z,square,Apache License 2.0,False,9,1,83,83,https://api.github.com/repos/square/osstrich,https://api.github.com/repos/square/osstrich/commits,https://api.github.com/repos/square/osstrich/languages,
4812336,otto,Organization,An enhanced Guava-based event bus with emphasis on Android support.,2012-06-27T19:06:49Z,2021-03-05T06:58:03Z,square,Apache License 2.0,False,924,18,5214,5214,https://api.github.com/repos/square/otto,https://api.github.com/repos/square/otto/commits,https://api.github.com/repos/square/otto/languages,
9984954,otto-intellij-plugin,Organization,An IntelliJ IDEA plugin to navigate between events posted by Otto.,2013-05-10T16:04:51Z,2020-12-16T05:29:11Z,square,Apache License 2.0,False,46,9,458,458,https://api.github.com/repos/square/otto-intellij-plugin,https://api.github.com/repos/square/otto-intellij-plugin/commits,https://api.github.com/repos/square/otto-intellij-plugin/languages,
25320424,p2,Organization,Platypus Platform: Tools for Scalable Deployment,2014-10-16T20:31:12Z,2020-08-08T11:41:20Z,square,Other,True,51,10,192,192,https://api.github.com/repos/square/p2,https://api.github.com/repos/square/p2/commits,https://api.github.com/repos/square/p2/languages,
22907524,pagerduty-incidents,Organization,Java utility for programmatically triggering and resolving PagerDuty incidents.,2014-08-13T07:57:20Z,2021-02-23T07:38:25Z,square,Apache License 2.0,False,28,10,70,70,https://api.github.com/repos/square/pagerduty-incidents,https://api.github.com/repos/square/pagerduty-incidents/commits,https://api.github.com/repos/square/pagerduty-incidents/languages,
23326475,pair,Organization,Configures your git author info with one or more people.,2014-08-25T19:48:21Z,2020-06-27T23:00:50Z,square,Other,True,5,0,53,53,https://api.github.com/repos/square/pair,https://api.github.com/repos/square/pair/commits,https://api.github.com/repos/square/pair/languages,
8379045,pam_krb5_ccache,Organization,,2013-02-23T17:42:00Z,2021-02-25T10:21:54Z,square,Other,True,6,0,12,12,https://api.github.com/repos/square/pam_krb5_ccache,https://api.github.com/repos/square/pam_krb5_ccache/commits,https://api.github.com/repos/square/pam_krb5_ccache/languages,
93097146,Paralayout,Organization,"Paralayout is a set of simple, useful, and straightforward utilities that enable pixel-perfect layout in iOS. Your designers will love you.",2017-06-01T20:33:53Z,2021-02-25T01:16:17Z,square,Apache License 2.0,False,34,11,738,738,https://api.github.com/repos/square/Paralayout,https://api.github.com/repos/square/Paralayout/commits,https://api.github.com/repos/square/Paralayout/languages,
262143251,password-rotation-lambda,Organization,Password rotation function for AWS Lambda and Secrets Manager,2020-05-07T19:43:33Z,2021-02-08T23:20:44Z,square,Apache License 2.0,False,2,0,4,4,https://api.github.com/repos/square/password-rotation-lambda,https://api.github.com/repos/square/password-rotation-lambda/commits,https://api.github.com/repos/square/password-rotation-lambda/languages,
18447843,pem-parser,Organization,Parses CA Certificate files that contain multiple PEMs.,2014-04-04T18:12:06Z,2020-04-24T08:11:26Z,square,,True,3,0,6,6,https://api.github.com/repos/square/pem-parser,https://api.github.com/repos/square/pem-parser/commits,https://api.github.com/repos/square/pem-parser/languages,
16124098,phrase,Organization,Phrase is an Android string resource templating library,2014-01-22T00:51:50Z,2021-01-31T16:08:37Z,square,Apache License 2.0,False,121,11,1380,1380,https://api.github.com/repos/square/phrase,https://api.github.com/repos/square/phrase/commits,https://api.github.com/repos/square/phrase/languages,
10057936,picasso,Organization,A powerful image downloading and caching library for Android,2013-05-14T15:07:47Z,2021-03-08T10:25:01Z,square,Apache License 2.0,False,4000,211,17884,17884,https://api.github.com/repos/square/picasso,https://api.github.com/repos/square/picasso/commits,https://api.github.com/repos/square/picasso/languages,
23292923,pilgrim,Organization,A documentation browser for protocol buffers,2014-08-24T21:09:24Z,2019-10-23T18:25:16Z,square,Other,True,5,0,23,23,https://api.github.com/repos/square/pilgrim,https://api.github.com/repos/square/pilgrim/commits,https://api.github.com/repos/square/pilgrim/languages,
59134938,PJFDataSource,Organization,"PJFDataSource is a small library that provides a simple, clean architecture for your app to manage its data sources while providing a consistent user interface for common content states (i.e. loading, loaded, empty, and error).",2016-05-18T16:56:27Z,2020-04-22T04:31:09Z,square,Apache License 2.0,True,3,0,89,89,https://api.github.com/repos/square/PJFDataSource,https://api.github.com/repos/square/PJFDataSource/commits,https://api.github.com/repos/square/PJFDataSource/languages,
355835,plastic,Organization,Credit card (â€œplasticâ€) library for Ruby,2009-10-30T23:49:06Z,2020-01-16T17:11:17Z,square,MIT License,False,9,2,25,25,https://api.github.com/repos/square/plastic,https://api.github.com/repos/square/plastic/commits,https://api.github.com/repos/square/plastic/languages,
58224198,point-of-sale-android-sdk,Organization,A simple library for letting Point of Sale take in-store payments for your app using Point of Sale API. https://docs.connect.squareup.com/articles/point-of-sale-api-android,2016-05-06T17:38:06Z,2021-02-18T00:00:10Z,square,Apache License 2.0,True,56,8,100,100,https://api.github.com/repos/square/point-of-sale-android-sdk,https://api.github.com/repos/square/point-of-sale-android-sdk/commits,https://api.github.com/repos/square/point-of-sale-android-sdk/languages,
5085837,pollexor,Organization,Java client for the Thumbor image service which allows you to build URIs in an expressive fashion using a fluent API.,2012-07-17T18:06:03Z,2021-03-04T08:07:53Z,square,Apache License 2.0,False,86,2,601,601,https://api.github.com/repos/square/pollexor,https://api.github.com/repos/square/pollexor/commits,https://api.github.com/repos/square/pollexor/languages,
5499847,PonyDebugger,Organization,Remote network and data debugging for your native iOS app using Chrome Developer Tools,2012-08-21T19:25:40Z,2021-03-04T08:28:35Z,square,Other,False,612,43,5829,5829,https://api.github.com/repos/square/PonyDebugger,https://api.github.com/repos/square/PonyDebugger/commits,https://api.github.com/repos/square/PonyDebugger/languages,
260339888,prettier-config,Organization,Square's shared Prettier configuration,2020-04-30T23:27:56Z,2020-05-05T23:27:28Z,square,Apache License 2.0,False,1,0,1,1,https://api.github.com/repos/square/prettier-config,https://api.github.com/repos/square/prettier-config/commits,https://api.github.com/repos/square/prettier-config/languages,
4220557,prodeng,Organization,,2012-05-04T01:30:21Z,2020-06-24T12:51:25Z,square,,True,22,9,65,65,https://api.github.com/repos/square/prodeng,https://api.github.com/repos/square/prodeng/commits,https://api.github.com/repos/square/prodeng/languages,
17674021,protob,Organization,Protocol buffers for Nodejs,2014-03-12T16:27:19Z,2019-09-08T11:48:15Z,square,Other,True,12,2,78,78,https://api.github.com/repos/square/protob,https://api.github.com/repos/square/protob/commits,https://api.github.com/repos/square/protob/languages,
7961421,protoparser,Organization,Java parser for .proto schema declarations.,2013-02-01T16:24:32Z,2020-06-24T22:31:00Z,square,Apache License 2.0,False,40,2,200,200,https://api.github.com/repos/square/protoparser,https://api.github.com/repos/square/protoparser/commits,https://api.github.com/repos/square/protoparser/languages,
191986940,pydocker,Organization,,2019-06-14T18:10:51Z,2020-11-24T15:48:25Z,square,Apache License 2.0,False,2,0,6,6,https://api.github.com/repos/square/pydocker,https://api.github.com/repos/square/pydocker/commits,https://api.github.com/repos/square/pydocker/languages,
104942273,pylink,Organization,Python Library for device debugging/programming via J-Link,2017-09-26T22:03:12Z,2021-03-06T17:56:16Z,square,Apache License 2.0,True,75,37,154,154,https://api.github.com/repos/square/pylink,https://api.github.com/repos/square/pylink/commits,https://api.github.com/repos/square/pylink/languages,
178483050,pysurvival,Organization,Open source package for Survival Analysis modeling,2019-03-29T22:27:46Z,2021-03-04T05:18:46Z,square,Apache License 2.0,False,47,29,169,169,https://api.github.com/repos/square/pysurvival,https://api.github.com/repos/square/pysurvival/commits,https://api.github.com/repos/square/pysurvival/languages,
17484646,qunit-bdd,Organization,BDD-style testing for QUnit.,2014-03-06T16:39:13Z,2020-09-05T23:14:05Z,square,Other,True,19,14,108,108,https://api.github.com/repos/square/qunit-bdd,https://api.github.com/repos/square/qunit-bdd/commits,https://api.github.com/repos/square/qunit-bdd/languages,
46589610,quotaservice,Organization,"The purpose of a quota service is to prevent cascading failures in micro-service environments. The service acts as a traffic cop, slowing down traffic where necessary to prevent overloading services. For this to work, remote procedure calls (RPCs) between services consult the quota service before making a call. The service isnâ€™t strictly for RPCs between services, and can even be used to apply quotas to database calls, for example.",2015-11-20T22:11:12Z,2021-01-09T12:44:29Z,square,Apache License 2.0,False,27,8,111,111,https://api.github.com/repos/square/quotaservice,https://api.github.com/repos/square/quotaservice/commits,https://api.github.com/repos/square/quotaservice/languages,
782321,rack-geo,Organization,Rack middleware for parsing Geo-Position HTTP headers.,2010-07-18T19:08:02Z,2020-01-16T17:10:21Z,square,MIT License,False,5,0,20,20,https://api.github.com/repos/square/rack-geo,https://api.github.com/repos/square/rack-geo/commits,https://api.github.com/repos/square/rack-geo/languages,
11290309,rack-servlet,Organization,Embed JRuby Rack applications in your Java container.,2013-07-09T18:25:12Z,2021-02-26T05:41:24Z,square,Apache License 2.0,True,14,10,49,49,https://api.github.com/repos/square/rack-servlet,https://api.github.com/repos/square/rack-servlet/commits,https://api.github.com/repos/square/rack-servlet/languages,
782976,rack-time-zone-header,Organization,Rack middleware for parsing Time-Zone HTTP request headers.,2010-07-19T00:13:23Z,2021-01-18T11:21:43Z,square,MIT License,False,3,0,26,26,https://api.github.com/repos/square/rack-time-zone-header,https://api.github.com/repos/square/rack-time-zone-header/commits,https://api.github.com/repos/square/rack-time-zone-header/languages,
285901584,radiography,Organization,Text-ray goggles for your Android UI.,2020-08-07T19:01:33Z,2021-03-08T11:34:03Z,square,Apache License 2.0,False,14,11,471,471,https://api.github.com/repos/square/radiography,https://api.github.com/repos/square/radiography/commits,https://api.github.com/repos/square/radiography/languages,
1838587,rails,Organization,Ruby on Rails,2011-06-02T18:12:29Z,2019-09-23T22:14:15Z,square,,False,7,0,6,6,https://api.github.com/repos/square/rails,https://api.github.com/repos/square/rails/commits,https://api.github.com/repos/square/rails/languages,
50199704,rails-auth,Organization,Modular resource-based authentication and authorization for Rails/Rack,2016-01-22T18:31:44Z,2021-02-21T07:14:08Z,square,Apache License 2.0,True,25,3,284,284,https://api.github.com/repos/square/rails-auth,https://api.github.com/repos/square/rails-auth/commits,https://api.github.com/repos/square/rails-auth/languages,
42883724,rails-service,Organization,Microservices on Rails,2015-09-21T17:55:41Z,2020-12-27T06:56:01Z,square,Other,False,6,0,58,58,https://api.github.com/repos/square/rails-service,https://api.github.com/repos/square/rails-service/commits,https://api.github.com/repos/square/rails-service/languages,
19212937,range-spec,Organization,Language agnostic spec for the range query language,2014-04-27T18:28:15Z,2019-07-03T20:47:51Z,square,Other,True,9,2,4,4,https://api.github.com/repos/square/range-spec,https://api.github.com/repos/square/range-spec/commits,https://api.github.com/repos/square/range-spec/languages,
26508172,rangeclient,Organization,Ruby client for range,2014-11-11T22:37:32Z,2020-09-21T05:31:38Z,square,Other,False,6,2,4,4,https://api.github.com/repos/square/rangeclient,https://api.github.com/repos/square/rangeclient/commits,https://api.github.com/repos/square/rangeclient/languages,
291923848,rbs_protobuf,Organization,,2020-09-01T07:09:45Z,2021-02-24T01:10:28Z,square,MIT License,False,1,0,5,5,https://api.github.com/repos/square/rbs_protobuf,https://api.github.com/repos/square/rbs_protobuf/commits,https://api.github.com/repos/square/rbs_protobuf/languages,
82854772,rce-agent,Organization,gRPC-based Remote Command Execution Agent,2017-02-22T21:33:24Z,2021-02-15T11:52:00Z,square,Apache License 2.0,False,24,0,76,76,https://api.github.com/repos/square/rce-agent,https://api.github.com/repos/square/rce-agent/commits,https://api.github.com/repos/square/rce-agent/languages,
42208848,react-field-kit,Organization,Components to effectively manage text entry in React using FieldKit.,2015-09-09T22:48:00Z,2020-10-17T23:36:07Z,square,Apache License 2.0,True,5,5,37,37,https://api.github.com/repos/square/react-field-kit,https://api.github.com/repos/square/react-field-kit/commits,https://api.github.com/repos/square/react-field-kit/languages,
145025903,react-native-square-reader-sdk,Organization,React Native Plugin for Square Reader SDK,2018-08-16T18:36:59Z,2021-02-20T07:35:13Z,square,Apache License 2.0,True,23,14,87,87,https://api.github.com/repos/square/react-native-square-reader-sdk,https://api.github.com/repos/square/react-native-square-reader-sdk/commits,https://api.github.com/repos/square/react-native-square-reader-sdk/languages,
190439613,react-square-payment-form,Organization,"The React Square Payment Form lets you take payments securely and easily in your React app using a familiar, component-based syntax.",2019-06-05T17:32:45Z,2021-03-03T07:35:09Z,square,Apache License 2.0,False,31,9,38,38,https://api.github.com/repos/square/react-square-payment-form,https://api.github.com/repos/square/react-square-payment-form/commits,https://api.github.com/repos/square/react-square-payment-form/languages,
136989512,reader-sdk-android-quickstart,Organization,Reader SDK Quick Start Sample Android App,2018-06-11T22:54:05Z,2021-01-29T01:37:38Z,square,Apache License 2.0,False,7,2,23,23,https://api.github.com/repos/square/reader-sdk-android-quickstart,https://api.github.com/repos/square/reader-sdk-android-quickstart/commits,https://api.github.com/repos/square/reader-sdk-android-quickstart/languages,
150341874,reader-sdk-flutter-plugin,Organization,Flutter Plugin for Square Reader SDK,2018-09-25T23:38:58Z,2021-02-27T17:08:03Z,square,Apache License 2.0,True,19,2,62,62,https://api.github.com/repos/square/reader-sdk-flutter-plugin,https://api.github.com/repos/square/reader-sdk-flutter-plugin/commits,https://api.github.com/repos/square/reader-sdk-flutter-plugin/languages,
136989439,reader-sdk-ios-quickstart,Organization,Reader SDK Quick Start Sample iOS App ,2018-06-11T22:53:17Z,2021-02-26T17:53:01Z,square,Apache License 2.0,False,6,1,14,14,https://api.github.com/repos/square/reader-sdk-ios-quickstart,https://api.github.com/repos/square/reader-sdk-ios-quickstart/commits,https://api.github.com/repos/square/reader-sdk-ios-quickstart/languages,
144192364,reader-sdk-ios-sample-apps,Organization,Sample iOS apps for Square Reader SDK,2018-08-09T18:58:54Z,2019-09-11T18:15:37Z,square,Apache License 2.0,False,3,0,5,5,https://api.github.com/repos/square/reader-sdk-ios-sample-apps,https://api.github.com/repos/square/reader-sdk-ios-sample-apps/commits,https://api.github.com/repos/square/reader-sdk-ios-sample-apps/languages,
166143562,refinement,Organization,A library that generates a list of Xcode targets to build & test as a result of a git diff.,2019-01-17T02:08:11Z,2021-02-11T17:46:12Z,square,MIT License,False,3,2,22,22,https://api.github.com/repos/square/refinement,https://api.github.com/repos/square/refinement/commits,https://api.github.com/repos/square/refinement/languages,
99170732,repotoddy,Organization,Repotoddy is a continuous deployment tool that works in conjunction with Reposado. An open source tool that replicates the key functionality of macOS Server's Software Update Service.,2017-08-02T23:48:22Z,2019-08-23T03:20:06Z,square,,True,3,0,27,27,https://api.github.com/repos/square/repotoddy,https://api.github.com/repos/square/repotoddy/commits,https://api.github.com/repos/square/repotoddy/languages,
48051308,reqpi,Organization,The build-friendly PyPI fake.,2015-12-15T15:24:23Z,2019-07-03T20:48:50Z,square,Apache License 2.0,True,3,0,3,3,https://api.github.com/repos/square/reqpi,https://api.github.com/repos/square/reqpi/commits,https://api.github.com/repos/square/reqpi/languages,
4326823,resque-graphite,Organization,Sends Resque status from Redis to Graphite.,2012-05-14T17:34:58Z,2019-09-11T18:15:58Z,square,Other,True,3,0,29,29,https://api.github.com/repos/square/resque-graphite,https://api.github.com/repos/square/resque-graphite/commits,https://api.github.com/repos/square/resque-graphite/languages,
892275,retrofit,Organization,A type-safe HTTP client for Android and the JVM,2010-09-06T21:39:43Z,2021-03-08T13:26:57Z,square,Apache License 2.0,True,6803,134,37670,37670,https://api.github.com/repos/square/retrofit,https://api.github.com/repos/square/retrofit/commits,https://api.github.com/repos/square/retrofit/languages,
47633630,rough,Organization,Rough is RPC for Rails.,2015-12-08T16:17:36Z,2021-01-29T14:44:40Z,square,Apache License 2.0,True,8,1,18,18,https://api.github.com/repos/square/rough,https://api.github.com/repos/square/rough/commits,https://api.github.com/repos/square/rough/languages,
93548910,ruby-rrule,Organization,RRULE expansion for Ruby,2017-06-06T18:09:55Z,2021-01-30T23:07:12Z,square,Apache License 2.0,True,13,4,46,46,https://api.github.com/repos/square/ruby-rrule,https://api.github.com/repos/square/ruby-rrule/commits,https://api.github.com/repos/square/ruby-rrule/languages,
32492701,ruby-tree_filter,Organization,Filter arbitrary data trees with a concise query language.,2015-03-19T00:52:07Z,2019-07-03T20:48:20Z,square,Other,True,2,0,4,4,https://api.github.com/repos/square/ruby-tree_filter,https://api.github.com/repos/square/ruby-tree_filter/commits,https://api.github.com/repos/square/ruby-tree_filter/languages,
14511152,rubygems,Organization,Library packaging and distribution for Ruby.,2013-11-19T01:55:34Z,2019-11-14T19:55:30Z,square,Other,False,5,1,2,2,https://api.github.com/repos/square/rubygems,https://api.github.com/repos/square/rubygems/commits,https://api.github.com/repos/square/rubygems/languages,
14511146,rubygems.org,Organization,The Ruby community's gem hosting service.,2013-11-19T01:54:55Z,2019-11-14T19:53:37Z,square,MIT License,True,3,0,2,2,https://api.github.com/repos/square/rubygems.org,https://api.github.com/repos/square/rubygems.org/commits,https://api.github.com/repos/square/rubygems.org/languages,
1938100,rubymine-extensions,Organization,,2011-06-22T22:19:46Z,2019-07-03T20:47:09Z,square,,True,4,1,3,3,https://api.github.com/repos/square/rubymine-extensions,https://api.github.com/repos/square/rubymine-extensions/commits,https://api.github.com/repos/square/rubymine-extensions/languages,
96952895,RxIdler,Organization,An IdlingResource for Espresso which wraps an RxJava Scheduler.,2017-07-12T01:38:51Z,2021-02-26T07:44:18Z,square,Apache License 2.0,False,37,2,511,511,https://api.github.com/repos/square/RxIdler,https://api.github.com/repos/square/RxIdler/commits,https://api.github.com/repos/square/RxIdler/languages,
5696931,seismic,Organization,Android device shake detection.,2012-09-06T03:24:10Z,2021-02-28T04:07:17Z,square,Apache License 2.0,False,166,7,1114,1114,https://api.github.com/repos/square/seismic,https://api.github.com/repos/square/seismic/commits,https://api.github.com/repos/square/seismic/languages,
63361134,sharkey,Organization,Sharkey is a service for managing certificates for use by OpenSSH,2016-07-14T18:44:39Z,2021-03-03T08:38:43Z,square,Apache License 2.0,False,26,16,359,359,https://api.github.com/repos/square/sharkey,https://api.github.com/repos/square/sharkey/commits,https://api.github.com/repos/square/sharkey/languages,
49679370,shift,Organization,shift is an application that helps you run schema migrations on MySQL databases,2016-01-14T22:26:32Z,2021-03-08T11:36:28Z,square,Apache License 2.0,True,43,18,697,697,https://api.github.com/repos/square/shift,https://api.github.com/repos/square/shift/commits,https://api.github.com/repos/square/shift/languages,
10511953,shuttle,Organization,"String extraction, translation and export tools for the 21st century. ""Moving strings around so you don't have to""",2013-06-05T20:18:58Z,2021-03-02T09:08:05Z,square,Apache License 2.0,True,100,12,646,646,https://api.github.com/repos/square/shuttle,https://api.github.com/repos/square/shuttle/commits,https://api.github.com/repos/square/shuttle/languages,
100540168,sidekiq-killswitch,Organization,Cross-host Sidekiq worker killswitches,2017-08-16T23:10:56Z,2021-02-22T19:16:38Z,square,Apache License 2.0,True,1,0,4,4,https://api.github.com/repos/square/sidekiq-killswitch,https://api.github.com/repos/square/sidekiq-killswitch/commits,https://api.github.com/repos/square/sidekiq-killswitch/languages,
298912,simplerrd,Organization,SimpleRRD provides a simple Ruby interface for creating graphs with RRD,2009-09-06T04:38:25Z,2020-03-03T18:11:20Z,square,MIT License,True,5,1,20,20,https://api.github.com/repos/square/simplerrd,https://api.github.com/repos/square/simplerrd/commits,https://api.github.com/repos/square/simplerrd/languages,
36693681,spacecommander,Organization,Commit fully-formatted Objective-C as a team without even trying.,2015-06-01T22:52:29Z,2021-03-02T14:04:54Z,square,Other,True,175,14,1096,1096,https://api.github.com/repos/square/spacecommander,https://api.github.com/repos/square/spacecommander/commits,https://api.github.com/repos/square/spacecommander/languages,
269794618,spiffe-aws-assume-role,Organization,This tool allows using a SPIFFE JWT to authenticate to AWS APIs,2020-06-05T22:24:14Z,2021-03-02T21:44:14Z,square,Apache License 2.0,True,0,0,4,4,https://api.github.com/repos/square/spiffe-aws-assume-role,https://api.github.com/repos/square/spiffe-aws-assume-role/commits,https://api.github.com/repos/square/spiffe-aws-assume-role/languages,
80871450,spincycle,Organization,Automate and expose complex infrastructure tasks to teams and services.,2017-02-03T21:36:09Z,2021-03-02T14:37:44Z,square,Apache License 2.0,False,18,4,95,95,https://api.github.com/repos/square/spincycle,https://api.github.com/repos/square/spincycle/commits,https://api.github.com/repos/square/spincycle/languages,
7764585,spoon,Organization,Distributing instrumentation tests to all your Androids.,2013-01-23T00:29:36Z,2021-02-22T06:51:41Z,square,Apache License 2.0,False,488,95,2656,2656,https://api.github.com/repos/square/spoon,https://api.github.com/repos/square/spoon/commits,https://api.github.com/repos/square/spoon/languages,
8380665,sq-dbsync,Organization,Pull data from MySQL and PG databases and consolidate it into a single target store.,2013-02-23T19:34:48Z,2020-03-11T00:55:18Z,square,Other,True,9,1,17,17,https://api.github.com/repos/square/sq-dbsync,https://api.github.com/repos/square/sq-dbsync/commits,https://api.github.com/repos/square/sq-dbsync/languages,
29695625,sqeduler,Organization,Provides loosely-coupled helpers for Sidekiq workers. Provides highly available scheduling across multiple hosts.,2015-01-22T19:21:04Z,2021-03-05T19:13:20Z,square,Apache License 2.0,False,10,6,25,25,https://api.github.com/repos/square/sqeduler,https://api.github.com/repos/square/sqeduler/commits,https://api.github.com/repos/square/sqeduler/languages,
31001422,sqlbrite,Organization,A lightweight wrapper around SQLiteOpenHelper which introduces reactive stream semantics to SQL operations.,2015-02-19T04:38:37Z,2021-03-03T17:21:01Z,square,Apache License 2.0,False,443,5,4672,4672,https://api.github.com/repos/square/sqlbrite,https://api.github.com/repos/square/sqlbrite/commits,https://api.github.com/repos/square/sqlbrite/languages,
189449957,sqpaymentform-nodejs-starterkit,Organization,sqPaymentForm starter kit with Node.JS,2019-05-30T16:49:23Z,2021-02-26T05:29:13Z,square,Apache License 2.0,False,29,2,20,20,https://api.github.com/repos/square/sqpaymentform-nodejs-starterkit,https://api.github.com/repos/square/sqpaymentform-nodejs-starterkit/commits,https://api.github.com/repos/square/sqpaymentform-nodejs-starterkit/languages,
12982465,squab,Organization,,2013-09-20T19:51:03Z,2019-12-26T23:21:01Z,square,Other,True,2,0,8,8,https://api.github.com/repos/square/squab,https://api.github.com/repos/square/squab/commits,https://api.github.com/repos/square/squab/languages,
25265177,squalor,Organization,Go SQL utility library,2014-10-15T17:19:56Z,2021-02-20T15:15:36Z,square,Apache License 2.0,True,41,6,185,185,https://api.github.com/repos/square/squalor,https://api.github.com/repos/square/squalor/commits,https://api.github.com/repos/square/squalor/languages,
299999548,square-connect-go-sdk,Organization,Square Connect SDK generated using our open-api spec and Swagger,2020-09-30T17:30:30Z,2021-03-04T04:10:26Z,square,,True,1,0,1,1,https://api.github.com/repos/square/square-connect-go-sdk,https://api.github.com/repos/square/square-connect-go-sdk/commits,https://api.github.com/repos/square/square-connect-go-sdk/languages,
221058377,square-dotnet-sdk,Organization,.NET client library for the Square API,2019-11-11T19:52:13Z,2021-02-26T17:49:11Z,square,Other,True,23,4,27,27,https://api.github.com/repos/square/square-dotnet-sdk,https://api.github.com/repos/square/square-dotnet-sdk/commits,https://api.github.com/repos/square/square-dotnet-sdk/languages,
221058243,square-java-sdk,Organization,Java client library for the Square API,2019-11-11T19:51:18Z,2021-02-27T04:58:31Z,square,Other,True,16,7,26,26,https://api.github.com/repos/square/square-java-sdk,https://api.github.com/repos/square/square-java-sdk/commits,https://api.github.com/repos/square/square-java-sdk/languages,
12424271,square-market-embeds,Organization,Examples for embedding Square Market items in your own website.,2013-08-28T04:05:40Z,2020-08-15T06:12:54Z,square,Other,True,9,3,21,21,https://api.github.com/repos/square/square-market-embeds,https://api.github.com/repos/square/square-market-embeds/commits,https://api.github.com/repos/square/square-market-embeds/languages,
184623517,square-nodejs-sdk,Organization,,2019-05-02T17:32:08Z,2021-03-02T10:11:26Z,square,Other,False,6,2,22,22,https://api.github.com/repos/square/square-nodejs-sdk,https://api.github.com/repos/square/square-nodejs-sdk/commits,https://api.github.com/repos/square/square-nodejs-sdk/languages,
184623567,square-php-sdk,Organization,PHP client library for the Square API,2019-05-02T17:32:26Z,2021-02-26T18:27:44Z,square,Other,False,15,3,25,25,https://api.github.com/repos/square/square-php-sdk,https://api.github.com/repos/square/square-php-sdk/commits,https://api.github.com/repos/square/square-php-sdk/languages,
199728156,square-python-sdk,Organization,Python client library for the Square API,2019-07-30T21:12:57Z,2021-03-06T02:58:49Z,square,Other,True,18,2,54,54,https://api.github.com/repos/square/square-python-sdk,https://api.github.com/repos/square/square-python-sdk/commits,https://api.github.com/repos/square/square-python-sdk/languages,
193140727,square-ruby-sdk,Organization,Ruby client library for the Square API,2019-06-21T18:04:27Z,2021-02-26T18:39:26Z,square,Other,False,24,4,54,54,https://api.github.com/repos/square/square-ruby-sdk,https://api.github.com/repos/square/square-ruby-sdk/commits,https://api.github.com/repos/square/square-ruby-sdk/languages,
291762157,square-test-sdk,Organization,This repository is to be used by our internal teams for testing. PLEASE IGNORE.,2020-08-31T16:06:07Z,2020-11-09T20:39:56Z,square,Other,True,1,1,0,0,https://api.github.com/repos/square/square-test-sdk,https://api.github.com/repos/square/square-test-sdk/commits,https://api.github.com/repos/square/square-test-sdk/languages,
2394064,square.github.io,Organization,"A simple, static portal which outlines our open source offerings.",2011-09-15T17:34:26Z,2021-03-04T18:28:10Z,square,,False,205,1,786,786,https://api.github.com/repos/square/square.github.io,https://api.github.com/repos/square/square.github.io/commits,https://api.github.com/repos/square/square.github.io/languages,
107183375,squarectf,Organization,"The ""code"" for squarectf.com",2017-10-16T21:10:26Z,2021-01-04T21:14:34Z,square,,False,4,0,7,7,https://api.github.com/repos/square/squarectf,https://api.github.com/repos/square/squarectf/commits,https://api.github.com/repos/square/squarectf/languages,
54739513,SquarePointOfSaleSDK-iOS,Organization,A simple library for letting Point of Sale take in-store payments for your app using the Point of Sale API.,2016-03-25T18:42:44Z,2021-03-02T16:21:16Z,square,Apache License 2.0,True,47,4,83,83,https://api.github.com/repos/square/SquarePointOfSaleSDK-iOS,https://api.github.com/repos/square/SquarePointOfSaleSDK-iOS/commits,https://api.github.com/repos/square/SquarePointOfSaleSDK-iOS/languages,
147686544,squickpic,Organization,Android photo booth,2018-09-06T14:30:10Z,2020-02-15T19:21:32Z,square,Apache License 2.0,True,3,0,23,23,https://api.github.com/repos/square/squickpic,https://api.github.com/repos/square/squickpic/commits,https://api.github.com/repos/square/squickpic/languages,
47205443,stash_core_api,Organization,,2015-12-01T17:19:43Z,2019-11-15T20:54:48Z,square,Apache License 2.0,True,5,0,2,2,https://api.github.com/repos/square/stash_core_api,https://api.github.com/repos/square/stash_core_api/commits,https://api.github.com/repos/square/stash_core_api/languages,
23033612,status-collector,Organization,Collect the current status from your application or libraries and expose them via a web interface,2014-08-17T05:04:18Z,2021-02-15T06:57:00Z,square,Other,True,4,0,7,7,https://api.github.com/repos/square/status-collector,https://api.github.com/repos/square/status-collector/commits,https://api.github.com/repos/square/status-collector/languages,
136214573,StringTemplate,Organization,Quickly and easily apply a template to a target string.,2018-06-05T17:52:17Z,2020-09-27T18:21:50Z,square,Apache License 2.0,True,5,1,84,84,https://api.github.com/repos/square/StringTemplate,https://api.github.com/repos/square/StringTemplate/commits,https://api.github.com/repos/square/StringTemplate/languages,
14477194,stround,Organization,Rounding methods for exact numbers using strings.,2013-11-17T23:01:53Z,2019-07-03T20:47:40Z,square,Other,True,4,1,13,13,https://api.github.com/repos/square/stround,https://api.github.com/repos/square/stround/commits,https://api.github.com/repos/square/stround/languages,
144076009,subzero,Organization,Square's Bitcoin Cold Storage solution.,2018-08-08T22:58:11Z,2021-03-06T23:54:14Z,square,Apache License 2.0,False,70,38,597,597,https://api.github.com/repos/square/subzero,https://api.github.com/repos/square/subzero/commits,https://api.github.com/repos/square/subzero/languages,
132163916,sudo_pair,Organization,Plugin for sudo that requires another human to approve and monitor privileged sudo sessions,2018-05-04T16:27:51Z,2021-02-23T21:40:21Z,square,Apache License 2.0,False,45,15,1076,1076,https://api.github.com/repos/square/sudo_pair,https://api.github.com/repos/square/sudo_pair/commits,https://api.github.com/repos/square/sudo_pair/languages,
61162429,SuperDelegate,Organization,SuperDelegate provides a clean application delegate interface and protects you from bugs in the application lifecycle,2016-06-14T23:20:08Z,2020-12-29T11:29:31Z,square,Apache License 2.0,True,25,7,456,456,https://api.github.com/repos/square/SuperDelegate,https://api.github.com/repos/square/SuperDelegate/commits,https://api.github.com/repos/square/SuperDelegate/languages,
5745625,tape,Organization,"A lightning fast, transactional, file-based FIFO for Android and Java.",2012-09-10T06:18:49Z,2021-03-08T13:57:20Z,square,Apache License 2.0,False,295,25,2390,2390,https://api.github.com/repos/square/tape,https://api.github.com/repos/square/tape/commits,https://api.github.com/repos/square/tape/languages,
20902859,ThumborURL,Organization,A library to generate encrypted URLs for Thumbor in your iOS app.,2014-06-16T22:28:53Z,2021-02-12T22:24:14Z,square,Other,True,22,0,42,42,https://api.github.com/repos/square/ThumborURL,https://api.github.com/repos/square/ThumborURL/commits,https://api.github.com/repos/square/ThumborURL/languages,
7903144,toggle,Organization,"Simple, flexible and lightweight configuration switching.",2013-01-29T22:55:14Z,2020-07-28T14:02:24Z,square,Other,True,11,0,53,53,https://api.github.com/repos/square/toggle,https://api.github.com/repos/square/toggle/commits,https://api.github.com/repos/square/toggle/languages,
5564714,TTTAttributedLabel,Organization,A drop-in replacement for UILabel that supports NSAttributedStrings ,2012-08-26T23:45:31Z,2021-02-17T13:46:28Z,square,,False,7,0,17,17,https://api.github.com/repos/square/TTTAttributedLabel,https://api.github.com/repos/square/TTTAttributedLabel/commits,https://api.github.com/repos/square/TTTAttributedLabel/languages,
273071175,uC-USBH,Organization,,2020-06-17T20:23:41Z,2021-01-27T19:53:47Z,square,Apache License 2.0,True,1,0,0,0,https://api.github.com/repos/square/uC-USBH,https://api.github.com/repos/square/uC-USBH/commits,https://api.github.com/repos/square/uC-USBH/languages,
36665359,Valet,Organization,"Valet lets you securely store data in the iOS, tvOS, or macOS Keychain without knowing a thing about how the Keychain works. Itâ€™s easy. We promise.",2015-06-01T14:17:12Z,2021-03-07T09:53:17Z,square,Apache License 2.0,False,203,8,3598,3598,https://api.github.com/repos/square/Valet,https://api.github.com/repos/square/Valet/commits,https://api.github.com/repos/square/Valet/languages,
1802059,WaxSim,Organization,Hack to get the iPhone Simulator to run on the command line,2011-05-26T00:50:58Z,2020-07-06T13:31:03Z,square,,True,65,0,263,263,https://api.github.com/repos/square/WaxSim,https://api.github.com/repos/square/WaxSim/commits,https://api.github.com/repos/square/WaxSim/languages,
53430304,whorlwind,Organization,Makes fingerprint encryption a breeze.,2016-03-08T17:09:18Z,2021-02-28T06:06:21Z,square,Apache License 2.0,False,52,9,830,830,https://api.github.com/repos/square/whorlwind,https://api.github.com/repos/square/whorlwind/commits,https://api.github.com/repos/square/whorlwind/languages,
12274147,wire,Organization,"gRPC and protocol buffers for Android, Kotlin, and Java.",2013-08-21T15:45:47Z,2021-03-07T21:09:24Z,square,Apache License 2.0,False,462,96,3429,3429,https://api.github.com/repos/square/wire,https://api.github.com/repos/square/wire/commits,https://api.github.com/repos/square/wire/languages,
35198886,wire-gradle-plugin,Organization,A Gradle plugin for generating Java code for your protocol buffer definitions with Wire.,2015-05-07T04:36:09Z,2019-08-22T03:22:36Z,square,Apache License 2.0,False,23,5,152,152,https://api.github.com/repos/square/wire-gradle-plugin,https://api.github.com/repos/square/wire-gradle-plugin/commits,https://api.github.com/repos/square/wire-gradle-plugin/languages,
49993075,womeng_handbook,Organization,Everything you need to start or expand a women in engineering group in your community.,2016-01-20T00:30:50Z,2021-03-03T14:08:57Z,square,,False,11,0,127,127,https://api.github.com/repos/square/womeng_handbook,https://api.github.com/repos/square/womeng_handbook/commits,https://api.github.com/repos/square/womeng_handbook/languages,
157799999,workflow,Organization,"A Swift and Kotlin library for making composable state machines, and UIs driven by those state machines.",2018-11-16T02:16:30Z,2021-03-05T18:02:24Z,square,Apache License 2.0,False,65,73,857,857,https://api.github.com/repos/square/workflow,https://api.github.com/repos/square/workflow/commits,https://api.github.com/repos/square/workflow/languages,
203653593,workflow-android-template,Organization,Template project for new Workflow-based Android apps â€“ just clone and start building!,2019-08-21T19:45:26Z,2020-12-12T14:25:39Z,square,,False,3,0,75,75,https://api.github.com/repos/square/workflow-android-template,https://api.github.com/repos/square/workflow-android-template/commits,https://api.github.com/repos/square/workflow-android-template/languages,
268864554,workflow-kotlin,Organization,"A Swift and Kotlin library for making composable state machines, and UIs driven by those state machines.",2020-06-02T17:23:30Z,2021-03-06T01:03:08Z,square,Apache License 2.0,False,17,97,250,250,https://api.github.com/repos/square/workflow-kotlin,https://api.github.com/repos/square/workflow-kotlin/commits,https://api.github.com/repos/square/workflow-kotlin/languages,
262679400,workflow-kotlin-compose,Organization,Jetpack Compose integration for Square Workflows.,2020-05-09T23:48:57Z,2021-02-05T01:09:45Z,square,Apache License 2.0,False,5,3,101,101,https://api.github.com/repos/square/workflow-kotlin-compose,https://api.github.com/repos/square/workflow-kotlin-compose/commits,https://api.github.com/repos/square/workflow-kotlin-compose/languages,
268864441,workflow-swift,Organization,"A Swift and Kotlin library for making composable state machines, and UIs driven by those state machines.",2020-06-02T17:22:53Z,2021-03-08T11:36:08Z,square,Apache License 2.0,False,14,10,91,91,https://api.github.com/repos/square/workflow-swift,https://api.github.com/repos/square/workflow-swift/commits,https://api.github.com/repos/square/workflow-swift/languages,
59520631,xcknife,Organization,Simple tool for optimizing XCTest runs across machines,2016-05-23T21:47:37Z,2021-02-25T19:46:02Z,square,Apache License 2.0,True,5,0,54,54,https://api.github.com/repos/square/xcknife,https://api.github.com/repos/square/xcknife/commits,https://api.github.com/repos/square/xcknife/languages,
274562,yajl-objc,Organization,Objective-C bindings for YAJL (Yet Another JSON Library) C library,2009-08-11T01:04:56Z,2019-09-23T22:13:41Z,square,,True,3,0,8,8,https://api.github.com/repos/square/yajl-objc,https://api.github.com/repos/square/yajl-objc/commits,https://api.github.com/repos/square/yajl-objc/languages,
2257786,zapp,Organization,Continuous Integration for KIF,2011-08-23T20:53:47Z,2020-05-04T05:00:45Z,square,Other,True,19,24,180,180,https://api.github.com/repos/square/zapp,https://api.github.com/repos/square/zapp/commits,https://api.github.com/repos/square/zapp/languages,
